{
  "assetsByChunkName": {
    "vendors~app-account~app-confirmation~app-order": "chunk.81a1c9e1451544b41162.js",
    "vendors~app-account~app-checkout": "chunk.5b233d0e74f7adbb2204.js",
    "vendors~app-cart~app-checkout": "chunk.10e60c197f258f95c985.js",
    "admin": [
      "admin.77c50a8ffa8fea31d6c6.js",
      "admin.77c50a8ffa8fea31d6c6.js.map"
    ],
    "app-account": "chunk.02c1554e381ff7af78c7.js",
    "app-checkout": "chunk.bcc8985b2cf9bf68cf1c.js",
    "app-confirmation": "chunk.50402b8be9a0cd77ac6b.js",
    "checkout": [
      "checkout.cadcd6b25abd6b8cdcfe.js",
      "checkout.cadcd6b25abd6b8cdcfe.js.map"
    ],
    "storefront": [
      "storefront.1c739bb28ebab9c1d7ff.css",
      "storefront.f4a82ffda55252efc3b1.js",
      "storefront.1c739bb28ebab9c1d7ff.css.map",
      "storefront.f4a82ffda55252efc3b1.js.map"
    ],
    "vendors~app-cart": "chunk.f0eccac55e01cabbfbfc.js",
    "vendors~app-order": "chunk.83a74697bb92ad678b18.js"
  }
}