{
  "title": "Sobre nós",
  "meta_title": "A Grãos da Vida é Confiável? Sobre a Grãos da Vida",
  "meta_description": "O bom da VIDA é comer gostoso e saudável!  A partir desse conceito a nutricionista Clara Senis criou o Grãos da Vida! Clara é apaixonada por nutrição familiar, mãe de 5 filhos, casada, e nutricionista de uma famosa escola no Rio de Janeiro.",
  "body": " ﻿<!--StartFragment-->\n\nClara Senis\n\n<!--EndFragment-->",
  "sections": [
    {
      "type": "custom-content",
      "markdown": "> ## O bom da VIDA é comer gostoso e saudável!\n\n\n\nA partir desse conceito a nutricionista Clara Senis criou o Grãos da Vida! Clara é apaixonada por nutrição familiar, mãe de 5 filhos, casada, e nutricionista de uma famosa escola no Rio de Janeiro.\n\nClara, sempre viu a dificuldade de oferecer um alimento rico em nutrientes saudável e extremamente gostoso.\n\nDesse desafio nasceu o Grãos da Vida, uma granola crocante, saudável, nutritiva e muito, mais muito gostosa como a vida deve ser.\n\nClara começou a produção em sua cozinha de casa, em 2019, de forma muito artesanal, com vendas pelo Whatzapp e a divulgação no boca a boca a granola foi ganhando o coração dos seus consumidores, e muito rápido virou um sucesso. \n\nEm um ano de vendas Clara viu a necessidade de ir para um espaço maior e começou o processo de mudança da logo e embalagem. Mas a VIDA muitas vezes nos dá outra direção. E a granola ficou parada por 3 anos, o desejo de voltar era reciproco tanto da Clara quanto dos clientes que enviavam sempre mensagens. \n\nE o sonho está sendo realizado, estamos voltando com 5 sabores e com uma embalagem nova, mas com a produção feita de forma artesanal e com muito carinho."
    },
    {
      "type": "responsive-banner",
      "img": "/img/uploads/graos_poralexwoloch-4829-1-.jpg"
    }
  ]
}