{
  "description": {
    "title": "",
    "text": ""
  },
  "links_1": {
    "list_pages": true,
    "title": "Páginas",
    "list": [
      {
        "text": "Sobre Nós",
        "url": "https://graosdavida.com.br/pages/sobre-nos"
      },
      {
        "text": "Condições de entrega",
        "url": "https://graosdavida.com.br/pages/entrega"
      },
      {
        "text": "Dúvidas Frequentes",
        "url": "https://graosdavida.com.br/pages/faq"
      },
      {
        "url": "https://graosdavida.com.br/pages/privacidade",
        "text": "Política de Privacidade"
      },
      {
        "url": "https://graosdavida.com.br/pages/trocas",
        "text": "Trocas e Devoluções"
      },
      {
        "text": "Termos de Serviço",
        "url": "https://graosdavida.com.br/pages/termos"
      }
    ]
  },
  "links_2": {
    "list_categories": true,
    "title": "Categorias",
    "list": []
  },
  "contacts": {
    "title": "Contatos",
    "phone_wpp": true,
    "socials": true,
    "email": true,
    "address": true
  },
  "stamps": [
    {
      "src": "/img/uploads/ssl-safe.png",
      "alt": "Secure connection",
      "width": 150,
      "height": 62
    },
    {
      "src": "/img/uploads/selo1.png"
    },
    {
      "src": "/img/uploads/selo2.png"
    },
    {
      "src": "/img/uploads/selo3.png"
    },
    {
      "src": "/img/uploads/selo4.png"
    },
    {
      "src": "/img/uploads/selo5.png"
    }
  ],
  "payment_methods": {
    "pix": true,
    "visa": true,
    "mastercard": true,
    "elo": true,
    "amex": true,
    "hipercard": true,
    "boleto": true
  },
  "credits": ""
}