{
  "categories_list": {
    "featured": [
      "/classicas?Clássicas",
      "/low-carb-e-proteicas?Low Carb e Proteicas",
      "/chocolate?Chocolate",
      "/salgadas?Salgadas",
      "/kits-e-combos?Kits e Combos",
      "/promocao-de-granolas?Ofertas"
    ],
    "random": 0,
    "full_width": true
  },
  "menu_all_departments": false,
  "centralized_logo": false,
  "marketing_stripe": {
    "text": "Compre 4 granolas e GANHE uma Clássica - 260g 🤩",
    "link": "https://graosdavida.com.br/search?term="
  },
  "alphabetical_order_submenu": false,
  "name_all_departments": "",
  "search_input": true,
  "desktop_megamenu": true,
  "full_width_submenu": false,
  "contacts_stripe": {
    "pages": [],
    "phone_wpp": false,
    "socials": false
  }
}