{
  "meta_title": "Granolas Grãos da Vida",
  "meta_description": "Descubra granolas artesanais criadas pela nutricionista Clara Senis, feitas com ingredientes selecionados e combinações inteligentes para a sua saúde. Ricas em fibras, nutrientes e óleos naturais, nossas granolas são livres de conservantes, corantes e aromatizantes artificiais, garantindo nutrição para toda a família.",
  "sections": [
    {
      "type": "banner-slider",
      "autoplay": 9000,
      "full_width": true,
      "slides": [
        {
          "start": "2025-07-22T17:18:04.716Z",
          "end": "2025-07-31T03:00:00.000Z",
          "img": "/img/uploads/bannersdesktop.jpg",
          "mobile_img": "/img/uploads/mobile.jpg",
          "link": "https://graosdavida.com.br/search?term="
        },
        {
          "start": "2025-06-16T13:29:33.069Z",
          "end": "",
          "img": "/img/uploads/graos-da-vida-nildo-desktop.png",
          "link": "https://graosdavida.com.br/search?term=",
          "mobile_img": "/img/uploads/graos-da-vida-nildo.png"
        }
      ]
    },
    {
      "type": "info-bar",
      "enabled": true
    },
    {
      "type": "custom-html",
      "html": "<section style=\"padding:40px 20px; background-color:#f9f9f9;\">\n  <div style=\"max-width:1200px; margin:0 auto; display:flex; flex-direction:column; align-items:center; text-align:center;\">\n    <img src=\"https://graosdavida.com.br/img/uploads/graos_poralexwoloch-4829-1-.jpg\" alt=\"Clara Senis\" style=\"width:120px; height:120px; border-radius:50%; object-fit:cover; margin-bottom:20px;\">\n    <h2 style=\"font-size:28px; margin:0 0 20px;\">Da Nutri para você!</h2>\n    <p style=\"font-size:16px; line-height:1.5; margin:0 0 10px;\">A Granola Grãos da Vida foi criada por Clara Senis, uma nutricionista apaixonada por nutrição familiar. Mãe de 5 filhos e casada, ela idealizou esse produto com o conceito de \"comer gostoso e saudável\".</p>\n    <p style=\"font-size:16px; line-height:1.5; margin:0 0 10px;\">A Grãos da Vida reflete todo o seu conhecimento e dedicação à alimentação saudável, criando uma experiência única para quem busca praticidade e bem-estar. Feita especialmente para quem quer cuidar da saúde sem abrir mão do sabor.</p>\n      </div>\n</section>\n"
    },
    {
      "type": "collection-shelf",
      "shuffle": true,
      "collection_id": "66d9fdbefc4aac27a2c7c312:categories:Granolas:/granolas",
      "sort": "offers",
      "title": "Feitas Pela Clara Senis 💖",
      "headless": false,
      "limit": 12,
      "page": 1
    },
    {
      "type": "collection-shelf",
      "shuffle": false,
      "limit": 12,
      "page": 1,
      "collection_id": "658aeb5e2cd6b65959ea0dcc:categories:Mais vendidas:/mais-vendidas"
    },
    {
      "type": "responsive-banner",
      "img": "/img/uploads/img_3731-1-.png",
      "link": "https://forms.gle/UpYSsLgQtFCBJrpd8"
    },
    {
      "type": "collection-shelf",
      "shuffle": false,
      "limit": 12,
      "page": 1,
      "title": "Kit Granola Favorita",
      "collection_id": "67222d1486609e53f86218a6:collections:Kits:/kits-favorita"
    },
    {
      "type": "collection-shelf",
      "shuffle": false,
      "limit": 12,
      "page": 1,
      "collection_id": "66da03a4fc4aac27a2c7d074:categories:Kits e Combos:/kits-e-combos",
      "title": "Experimente e Economize 🤩"
    },
    {
      "type": "review-carousel",
      "autoplay": 9000,
      "title": "Depoimentos de clientes",
      "reviews": [
        {
          "texto": "Sou fã das Granolas da Clara como consumidora e como endocrinologista. Gostosas, crocantes, saudáveis e bem temperadas. Seja para salada ou iogurte sempre enriquece o sabor e garante o aporte nutricional.",
          "nome": "Juliana",
          "img": "/img/uploads/juliana.jpg"
        },
        {
          "nome": "Manuela Borges",
          "texto": "Clara e sua granola…. A melhor que eu já experimentei!! Que dom de combinar sabores e texturas, resultando numa magia de sabor incrível! ",
          "img": "/img/uploads/sem nome 2.jpg"
        },
        {
          "nome": "Roberta Barone",
          "texto": "Adoro a granola Grãos da Vida! Sabor incrível, textura crocante e cheia de ingredientes saudáveis. Feita por uma nutricionista muito eficaz que reuni sabor e nutrição nos alimentos.",
          "img": "/img/uploads/robertabarone.jpg"
        },
        {
          "nome": "Aline Rabelo",
          "texto": "Grãos da Vida, são granolas saborosas e de paladar único. Cada blend de granola combina com um alimento diferente fazendo com que as refeições da minha casa ganhe mais cor e sabor.",
          "img": "/img/uploads/alinerabelo.jpg"
        },
        {
          "nome": "Sabrina",
          "texto": "Nossa família é apaixonada pela Granola Grãos da Vida! São crocantes e deliciosas! E eu como mãe fico muito feliz em poder oferecer aos meus filhos um alimento tão saudável e nutritivo!",
          "img": "/img/uploads/sabrina.jpg"
        },
        {
          "nome": "Taissa",
          "texto": "Finalmente a granola mais gostosa do mundo está de volta. Na minha opinião realmente é a melhor granola, nunca experimentei nada parecido. Por isso torcia tanto por esse retorno…",
          "img": "/img/uploads/taissa.jpg"
        },
        {
          "texto": "Experimentei todos os sabores da granola da Clara, e todos são incríveis. Os sabores são autênticos, e os ingredientes são de muita qualidade. Os meus preferidos são a Clássica e a Low Carb <3",
          "nome": "Luiza Maris",
          "img": "/img/uploads/luizamaris.jpg"
        },
        {
          "texto": "Durante o período em que eles suspenderam a produção, eu testei todas as granolas do mercado e definitivamente nenhuma se compara as granolas do Grão da Vida.",
          "nome": "Flávia",
          "img": "/img/uploads/flavia.jpg"
        },
        {
          "texto": "Depois que conheci grãos da vida nunca mais consegui comprar mais nenhuma granola. Além de deliciosas, são saudáveis e de alta qualidade. Sou fã!",
          "nome": "Paloma Di Piero",
          "img": "/img/uploads/semnome.jpg"
        }
      ]
    },
    {
      "type": "collection-shelf",
      "shuffle": false,
      "limit": 12,
      "page": 1,
      "collection_id": "6781031fa0c96d5393088880:collections:Granola Especial Nozes Pecã com Caramelo e Flor de Sal:/granola-especial-nozes-peca-com-caramelo-e-flor-de-sal"
    }
  ]
}