{
  "shipping": {
    "show": true,
    "text": "Ganhe desconto no primeira compra",
    "title": "Cupom: BOASVINDAS",
    "link": "https://graosdavida.com.br/promocao-de-granolas"
  },
  "installments": {
    "show": true,
    "text": "Confira as Regras",
    "title": "Frete Grátis",
    "link": "https://graosdavida.com.br/pages/entrega"
  },
  "exchange": {
    "show": true,
    "text": "Produzidas pela Clara",
    "title": "Saudável e Saborosa!",
    "link": "https://www.instagram.com/graosdavidario/"
  },
  "promo": {
    "show": false,
    "text": "Ganhe desconto no seu primeiro pedido",
    "title": "Use o cupom: BOASVINDAS"
  }
}